'Classes_meta',,,,,,,,,,,,,,,,,,,,,,,,,,,,,,,,,,,,,,,,,,,,,,,,,,,,,,,,,,,,,,,,,,,,,,,,,,
'class_id','Type','Level','XP','Hit_Dice','Notes','Casting_Level','Level_1_Spells','Level_2_Spells','Level_3_Spells','Level_4_Spells','Level_5_Spells','Level_6_Spells','Level_7_Spells','Level_8_Spells','Level_9_Spells','Aimed_Magic_Items','Breath_Weapons','Death_Paralysis_Poison','Petrifaction_Polymorph','Spells','To_Hit_-10','To_Hit_-9','To_Hit_-8','To_Hit_-7','To_Hit_-6','To_Hit_-5','To_Hit_-4','To_Hit_-3','To_Hit_-2','To_Hit_-1','To_Hit_0','To_Hit_1','To_Hit_2','To_Hit_3','To_Hit_4','To_Hit_5','To_Hit_6','To_Hit_7','To_Hit_8','To_Hit_9','To_Hit_10','Climb_Walls','Find_Traps','Hear_Noise','Hide_in_Shadows','Move_Quietly','Open_Locks','Pick_Pockets','Read_Languages','Turn_Undead_Type_1','Turn_Undead_Type_2','Turn_Undead_Type_3','Turn_Undead_Type_4','Turn_Undead_Type_5','Turn_Undead_Type_6','Turn_Undead_Type_7','Turn_Undead_Type_8','Turn_Undead_Type_9','Turn_Undead_Type_10','Turn_Undead_Type_11','Turn_Undead_Type_12','Turn_Undead_Type_13','Level_1_Spells_Secondary','Level_2_Spells_Secondary','Level_3_Spells_Secondary','Level_4_Spells_Secondary','Level_5_Spells_Secondary','Level_6_Spells_Secondary','Level_7_Spells_Secondary','Level_8_Spells_Secondary','Level_9_Spells_Secondary','Ability','Level_Gained','Ability_Description'
'VARCHAR(50) REFERENCES Classes(unique_id) ON UPDATE CASCADE ON DELETE CASCADE','VARCHAR(20)','VARCHAR(20)','INTEGER','INTEGER','VARCHAR(50)','INTEGER','INTEGER','INTEGER','INTEGER','INTEGER','INTEGER','INTEGER','INTEGER','INTEGER','INTEGER','INTEGER','INTEGER','INTEGER','INTEGER','INTEGER','INTEGER','INTEGER','INTEGER','INTEGER','INTEGER','INTEGER','INTEGER','INTEGER','INTEGER','INTEGER','INTEGER','INTEGER','INTEGER','INTEGER','INTEGER','INTEGER','INTEGER','INTEGER','INTEGER','INTEGER','INTEGER','INTEGER','INTEGER','INTEGER','INTEGER','INTEGER','INTEGER','INTEGER','INTEGER','VARCHAR(10)','VARCHAR(10)','VARCHAR(10)','VARCHAR(10)','VARCHAR(10)','VARCHAR(10)','VARCHAR(10)','VARCHAR(10)','VARCHAR(10)','VARCHAR(10)','VARCHAR(10)','VARCHAR(10)','VARCHAR(10)','INTEGER','INTEGER','INTEGER','INTEGER','INTEGER','INTEGER','INTEGER','INTEGER','INTEGER','VARCHAR(20)','INTEGER','TEXT'
'display_col',,,,,,,,,,,,,,,,,,,,,,,,,,,,,,,,,,,,,,,,,,,,,,,,,,,,,,,,,,,,,,,,,,,,,,,,,,
'assassin','xp table','1','0','1',,'0','0','0','0','0','0','0','0','0','0','14','16','13','12','15','26','25','24','23','22','21','20','20','20','20','20','20','19','18','17','16','15','14','13','12','11','80','25','10','20','20','30','35','1','-','-','-','-','-','-','-','-','-','-','-','-','-','0','0','0','0','0','0','0','0','0',,,
'assassin','xp table','2','1600','2',,'0','0','0','0','0','0','0','0','0','0','14','16','13','12','15','26','25','24','23','22','21','20','20','20','20','20','20','19','18','17','16','15','14','13','12','11','80','25','10','20','20','30','35','1','-','-','-','-','-','-','-','-','-','-','-','-','-','0','0','0','0','0','0','0','0','0',,,
'assassin','xp table','3','3000','3',,'0','0','0','0','0','0','0','0','0','0','14','16','13','12','15','26','25','24','23','22','21','20','20','20','20','20','20','19','18','17','16','15','14','13','12','11','80','25','10','20','20','30','35','1','-','-','-','-','-','-','-','-','-','-','-','-','-','0','0','0','0','0','0','0','0','0',,,
'assassin','xp table','4','5750','4','The assassin may recruit assassins as henchmen','0','0','0','0','0','0','0','0','0','0','14','16','13','12','15','26','25','24','23','22','21','20','20','20','20','20','20','19','18','17','16','15','14','13','12','11','82','29','13','25','25','34','39','5','-','-','-','-','-','-','-','-','-','-','-','-','-','0','0','0','0','0','0','0','0','0',,,
'assassin','xp table','5','12250','5',,'0','0','0','0','0','0','0','0','0','0','12','15','12','11','13','24','23','22','21','20','20','20','20','20','20','19','18','17','16','15','14','13','12','11','10','9','84','33','16','30','30','38','43','10','-','-','-','-','-','-','-','-','-','-','-','-','-','0','0','0','0','0','0','0','0','0',,,
'assassin','xp table','6','24750','6',,'0','0','0','0','0','0','0','0','0','0','12','15','12','11','13','24','23','22','21','20','20','20','20','20','20','19','18','17','16','15','14','13','12','11','10','9','86','37','19','35','35','42','47','15','-','-','-','-','-','-','-','-','-','-','-','-','-','0','0','0','0','0','0','0','0','0',,,
'assassin','xp table','7','50000','7',,'0','0','0','0','0','0','0','0','0','0','12','15','12','11','13','24','23','22','21','20','20','20','20','20','20','19','18','17','16','15','14','13','12','11','10','9','88','41','22','40','40','46','51','20','-','-','-','-','-','-','-','-','-','-','-','-','-','0','0','0','0','0','0','0','0','0',,,
'assassin','xp table','8','99000','8','The assassin may recruit thieves as henchmen','0','0','0','0','0','0','0','0','0','0','12','15','12','11','13','24','23','22','21','20','20','20','20','20','20','19','18','17','16','15','14','13','12','11','10','9','90','45','25','45','45','50','55','25','-','-','-','-','-','-','-','-','-','-','-','-','-','0','0','0','0','0','0','0','0','0',,,
'assassin','xp table','9','200500','9','Master Assassin','0','0','0','0','0','0','0','0','0','0','10','14','11','10','11','21','20','20','20','20','20','20','19','18','17','16','15','14','13','12','11','10','9','8','7','6','91','49','28','50','50','54','59','30','-','-','-','-','-','-','-','-','-','-','-','-','-','0','0','0','0','0','0','0','0','0',,,
'assassin','xp table','10','300000','10',,'0','0','0','0','0','0','0','0','0','0','10','14','11','10','11','21','20','20','20','20','20','20','19','18','17','16','15','14','13','12','11','10','9','8','7','6','92','53','31','55','55','58','63','35','-','-','-','-','-','-','-','-','-','-','-','-','-','0','0','0','0','0','0','0','0','0',,,
'assassin','xp table','11','400000','11',,'0','0','0','0','0','0','0','0','0','0','10','14','11','10','11','21','20','20','20','20','20','20','19','18','17','16','15','14','13','12','11','10','9','8','7','6','93','57','34','60','60','62','67','40','-','-','-','-','-','-','-','-','-','-','-','-','-','0','0','0','0','0','0','0','0','0',,,
'assassin','xp table','12','600000','12','The assassin may recruit henchmen of any class','0','0','0','0','0','0','0','0','0','0','10','14','11','10','11','21','20','20','20','20','20','20','19','18','17','16','15','14','13','12','11','10','9','8','7','6','94','61','37','65','65','66','71','45','-','-','-','-','-','-','-','-','-','-','-','-','-','0','0','0','0','0','0','0','0','0',,,
'assassin','xp table','13','750000','13',,'0','0','0','0','0','0','0','0','0','0','8','13','10','9','9','20','20','20','20','20','19','18','17','16','15','14','13','12','11','10','9','8','7','6','5','4','95','65','40','70','70','70','75','50','-','-','-','-','-','-','-','-','-','-','-','-','-','0','0','0','0','0','0','0','0','0',,,
'assassin','xp table','14','1000000','14','Guildmaster','0','0','0','0','0','0','0','0','0','0','8','13','10','9','9','20','20','20','20','20','19','18','17','16','15','14','13','12','11','10','9','8','7','6','5','4','96','69','43','75','75','74','79','55','-','-','-','-','-','-','-','-','-','-','-','-','-','0','0','0','0','0','0','0','0','0',,,
'assassin','xp table','15','1500000','15','Grandmaster Assassin','0','0','0','0','0','0','0','0','0','0','8','13','10','9','9','20','20','20','20','20','19','18','17','16','15','14','13','12','11','10','9','8','7','6','5','4','97','73','46','80','80','78','83','60','-','-','-','-','-','-','-','-','-','-','-','-','-','0','0','0','0','0','0','0','0','0',,,
'assassin','ability',,,,,,,,,,,,,,,,,,,,,,,,,,,,,,,,,,,,,,,,,,,,,,,,,,,,,,,,,,,,,,,,,,,,,,,'Assassination','1','If an assassin gains surprise he or she may elect to assassinate the victim. The assassin need not roll to hit for an assassination attempt, which is a special attack resulting in a chance to kill the victim instantly and ensure damage even if the victim is not successfully killed. The percentage chance to kill a victim is 50%, with a bonus of 5% per level of the assassin and a penalty of 5% for every two levels of the target (rounding down; in the case of monsters, substitute “hit dice” for “level”). These numbers are approximate, for the GM should modify the assassin’s chances slightly upward or downward according to the circumstances—guarded or wary targets are less likely to be killed, and unwary victims are more likely to die. If the assassination attempt does not succeed, the attack still inflicts normal damage, together with any applicable bonuses. The assassin does not gain backstab multiple damage on a failed assassination attempt, even if the assassination attempt was made from behind.'
'assassin','ability',,,,,,,,,,,,,,,,,,,,,,,,,,,,,,,,,,,,,,,,,,,,,,,,,,,,,,,,,,,,,,,,,,,,,,,'Backstab','1','An assassin may backstab with any of the melee weapons permissible to the thief class. Backstabbing doubles the weapon’s damage at levels 1-4, triple at levels 5-8, quadruple at level 9-12, and so on. Also, an assassin attacks from behind with a bonus to hit of +4 rather than the ordinary +2.'
'assassin','ability',,,,,,,,,,,,,,,,,,,,,,,,,,,,,,,,,,,,,,,,,,,,,,,,,,,,,,,,,,,,,,,,,,,,,,,'Disguise','1','Assassins are masters of disguise. Within reasonable limits, an assassin can make him- or herself appear slightly shorter or considerably taller, fatter or thinner, or of the opposite gender. An assassin can even disguise him- or herself as a member of another race (again, within reason). Any person observing the disguised assassin has a base 2% chance to see through the disguise, with one chance per day to do so. The base chance of seeing through a disguise increases another 2% if the assassin is posing as another class, race or gender (max 8% chance). The GM may assign additional penalties and bonuses to this check if the observer is unusually wise or intelligent (or particularly stupid), and common sense, of course, applies at all times.'
'assassin','ability',,,,,,,,,,,,,,,,,,,,,,,,,,,,,,,,,,,,,,,,,,,,,,,,,,,,,,,,,,,,,,,,,,,,,,,'Poison','1','Assassins are not inherently better at using poison than any other character class capable of using poison, but generally have more opportunities to gain knowledge of poisons and their effects.'
'assassin','ability',,,,,,,,,,,,,,,,,,,,,,,,,,,,,,,,,,,,,,,,,,,,,,,,,,,,,,,,,,,,,,,,,,,,,,,'Thief Abilities','1','The assassin has thief abilities as a thief two levels below the assassin’s level. At first level, the assassin has the thieving abilities of a first level thief, but does not gain the abilities of a second level thief until reaching fourth level.'
'assassin','ability',,,,,,,,,,,,,,,,,,,,,,,,,,,,,,,,,,,,,,,,,,,,,,,,,,,,,,,,,,,,,,,,,,,,,,,'Languages','9','Ninth and higher-level assassins with Int 15+ may learn languages that it would be impossible for a non-assassin to learn. An assassin can learn an alignment tongue other than his or her own, druids’ cant, and thieves’ cant as additional languages, but can only learn a maximum of four such special languages, one for each point of intelligence above 14. Only one such language can be learned per level above eighth. Such languages are over and above any limits imposed by the assassin’s race and intelligence.'
'assassin','ability',,,,,,,,,,,,,,,,,,,,,,,,,,,,,,,,,,,,,,,,,,,,,,,,,,,,,,,,,,,,,,,,,,,,,,,'Read Scrolls','12','When an assassin reaches 12th level, he or she has received sufficient training to cast spells from an arcane scroll (magic user or illusionist).'
'cleric','xp table','1','0','1',,'1','1','0','0','0','0','0','0','0','0','14','16','10','13','15','25','24','23','22','21','20','20','20','20','20','20','19','18','17','16','15','14','13','12','11','10','0','0','0','0','0','0','0','0','10','13','16','19','20','-','-','-','-','-','-','-','-','0','0','0','0','0','0','0','0','0',,,
'cleric','xp table','2','1550','2',,'2','2','0','0','0','0','0','0','0','0','14','16','10','13','15','25','24','23','22','21','20','20','20','20','20','20','19','18','17','16','15','14','13','12','11','10','0','0','0','0','0','0','0','0','7','10','13','16','19','20','-','-','-','-','-','-','-','0','0','0','0','0','0','0','0','0',,,
'cleric','xp table','3','2900','3',,'3','2','1','0','0','0','0','0','0','0','14','16','10','13','15','25','24','23','22','21','20','20','20','20','20','20','19','18','17','16','15','14','13','12','11','10','0','0','0','0','0','0','0','0','4','7','10','13','16','19','20','-','-','-','-','-','-','0','0','0','0','0','0','0','0','0',,,
'cleric','xp table','4','6000','4',,'4','3','2','0','0','0','0','0','0','0','13','15','9','12','14','23','22','21','20','20','20','20','20','20','19','18','17','16','15','14','13','12','11','10','9','8','0','0','0','0','0','0','0','0','T','T','4','7','10','13','16','19','20','-','-','-','-','0','0','0','0','0','0','0','0','0',,,
'cleric','xp table','5','13250','5',,'5','3','3','1','0','0','0','0','0','0','13','15','9','12','14','23','22','21','20','20','20','20','20','20','19','18','17','16','15','14','13','12','11','10','9','8','0','0','0','0','0','0','0','0','T','T','T','4','7','10','13','16','19','20','-','-','-','0','0','0','0','0','0','0','0','0',,,
'cleric','xp table','6','27000','6',,'6','3','3','2','0','0','0','0','0','0','13','15','9','12','14','23','22','21','20','20','20','20','20','20','19','18','17','16','15','14','13','12','11','10','9','8','0','0','0','0','0','0','0','0','D','D','T','T','4','7','10','13','16','19','20','-','-','0','0','0','0','0','0','0','0','0',,,
'cleric','xp table','7','55000','7',,'7','3','3','2','1','0','0','0','0','0','11','13','7','10','12','21','20','20','20','20','20','20','19','18','17','16','15','14','13','12','11','10','9','8','7','6','0','0','0','0','0','0','0','0','D','D','D','T','T','4','7','10','13','16','19','20','-','0','0','0','0','0','0','0','0','0',,,
'cleric','xp table','8','110000','8',,'8','3','3','3','2','0','0','0','0','0','11','13','7','10','12','21','20','20','20','20','20','20','19','18','17','16','15','14','13','12','11','10','9','8','7','6','0','0','0','0','0','0','0','0','D','D','D','D','T','T','4','7','10','13','16','19','20','0','0','0','0','0','0','0','0','0',,,
'cleric','xp table','9','220000','9','High Priest(ess)','9','4','4','3','2','1','0','0','0','0','11','13','7','10','12','21','20','20','20','20','20','20','19','18','17','16','15','14','13','12','11','10','9','8','7','6','0','0','0','0','0','0','0','0','D','D','D','D','D','T','T','4','7','10','13','16','19','0','0','0','0','0','0','0','0','0',,,
'cleric','xp table','10','450000','9+2',,'10','4','4','3','3','2','0','0','0','0','10','12','6','9','11','20','20','20','20','20','19','18','17','16','15','14','13','12','11','10','9','8','7','6','5','4','0','0','0','0','0','0','0','0','D','D','D','D','D','T','T','4','7','10','13','16','19','0','0','0','0','0','0','0','0','0',,,
'cleric','xp table','11','675000','9+4',,'11','5','4','4','3','2','1','0','0','0','10','12','6','9','11','20','20','20','20','20','19','18','17','16','15','14','13','12','11','10','9','8','7','6','5','4','0','0','0','0','0','0','0','0','D','D','D','D','D','T','T','4','7','10','13','16','19','0','0','0','0','0','0','0','0','0',,,
'cleric','xp table','12','900000','9+6',,'12','6','5','5','3','2','2','0','0','0','10','12','6','9','11','20','20','20','20','20','19','18','17','16','15','14','13','12','11','10','9','8','7','6','5','4','0','0','0','0','0','0','0','0','D','D','D','D','D','T','T','4','7','10','13','16','19','0','0','0','0','0','0','0','0','0',,,
'cleric','xp table','13','1125000','9+8',,'13','6','6','6','4','2','2','0','0','0','9','11','5','8','10','20','20','20','19','18','17','16','15','14','13','12','11','10','9','8','7','6','5','4','3','2','0','0','0','0','0','0','0','0','D','D','D','D','D','T','T','4','7','10','13','16','19','0','0','0','0','0','0','0','0','0',,,
'cleric','xp table','14','1350000','9+10',,'14','6','6','6','5','3','2','0','0','0','9','11','5','8','10','20','20','20','19','18','17','16','15','14','13','12','11','10','9','8','7','6','5','4','3','2','0','0','0','0','0','0','0','0','D','D','D','D','D','D','T','T','T','7','10','13','16','0','0','0','0','0','0','0','0','0',,,
'cleric','xp table','15','1575000','9+12',,'15','7','7','7','5','4','2','0','0','0','9','11','5','8','10','20','20','20','19','18','17','16','15','14','13','12','11','10','9','8','7','6','5','4','3','2','0','0','0','0','0','0','0','0','D','D','D','D','D','D','T','T','T','7','10','13','16','0','0','0','0','0','0','0','0','0',,,
'cleric','xp table','16','1800000','9+14',,'16','7','7','7','6','5','3','1','0','0','8','10','4','7','9','20','19','18','17','16','15','14','13','12','11','10','9','8','7','6','5','4','3','2','1','0','0','0','0','0','0','0','0','0','D','D','D','D','D','D','T','T','T','7','10','13','16','0','0','0','0','0','0','0','0','0',,,
'cleric','xp table','17','2025000','9+16',,'17','8','8','8','6','5','3','1','0','0','8','10','4','7','9','20','19','18','17','16','15','14','13','12','11','10','9','8','7','6','5','4','3','2','1','0','0','0','0','0','0','0','0','0','D','D','D','D','D','D','T','T','T','7','10','13','16','0','0','0','0','0','0','0','0','0',,,
'cleric','xp table','18','2250000','9+18',,'18','8','8','8','7','6','4','1','0','0','8','10','4','7','9','20','19','18','17','16','15','14','13','12','11','10','9','8','7','6','5','4','3','2','1','0','0','0','0','0','0','0','0','0','D','D','D','D','D','D','T','T','T','7','10','13','16','0','0','0','0','0','0','0','0','0',,,
'cleric','xp table','19','2475000','9+20',,'19','9','9','9','7','6','4','2','0','0','6','8','2','5','7','19','18','17','16','15','14','13','12','11','10','9','8','7','6','5','4','3','2','1','0','-1','0','0','0','0','0','0','0','0','D','D','D','D','D','D','D','D','T','4','7','10','13','0','0','0','0','0','0','0','0','0',,,
'cleric','xp table','20','2700000','9+22',,'20','9','9','9','8','7','5','2','0','0','6','8','2','5','7','19','18','17','16','15','14','13','12','11','10','9','8','7','6','5','4','3','2','1','0','-1','0','0','0','0','0','0','0','0','D','D','D','D','D','D','D','D','T','4','7','10','13','0','0','0','0','0','0','0','0','0',,,
'cleric','xp table','21','2925000','9+24',,'21','9','9','9','9','8','6','2','0','0','6','8','2','5','7','19','18','17','16','15','14','13','12','11','10','9','8','7','6','5','4','3','2','1','0','-1','0','0','0','0','0','0','0','0','D','D','D','D','D','D','D','D','T','4','7','10','13','0','0','0','0','0','0','0','0','0',,,
'cleric','xp table','22','3150000','9+26',,'22','9','9','9','9','9','6','3','0','0','6','8','2','5','7','19','18','17','16','15','14','13','12','11','10','9','8','7','6','5','4','3','2','1','0','-1','0','0','0','0','0','0','0','0','D','D','D','D','D','D','D','D','T','4','7','10','13','0','0','0','0','0','0','0','0','0',,,
'cleric','xp table','23','3375000','9+28',,'23','9','9','9','9','9','7','3','0','0','6','8','2','5','7','19','18','17','16','15','14','13','12','11','10','9','8','7','6','5','4','3','2','1','0','-1','0','0','0','0','0','0','0','0','D','D','D','D','D','D','D','D','T','4','7','10','13','0','0','0','0','0','0','0','0','0',,,
'cleric','xp table','24','3600000','9+30',,'24','9','9','9','9','9','8','3','0','0','6','8','2','5','7','19','18','17','16','15','14','13','12','11','10','9','8','7','6','5','4','3','2','1','0','-1','0','0','0','0','0','0','0','0','D','D','D','D','D','D','D','D','T','4','7','10','13','0','0','0','0','0','0','0','0','0',,,
'cleric','xp table','each','225000','+2 hp',,'1','9','9','9','9','9','8','3','0','0','6','8','2','5','7','19','18','17','16','15','14','13','12','11','10','9','8','7','6','5','4','3','2','1','0','-1','0','0','0','0','0','0','0','0','D','D','D','D','D','D','D','D','T','4','7','10','13','0','0','0','0','0','0','0','0','0',,,
'cleric','ability',,,,,,,,,,,,,,,,,,,,,,,,,,,,,,,,,,,,,,,,,,,,,,,,,,,,,,,,,,,,,,,,,,,,,,,'Spell casting','1','Clerics may memorise and cast clerical spells.'
'cleric','ability',,,,,,,,,,,,,,,,,,,,,,,,,,,,,,,,,,,,,,,,,,,,,,,,,,,,,,,,,,,,,,,,,,,,,,,'Turning Undead','1','Clerics can “turn” the undead, making them flee from the cleric’s holiness (or, in the case of an evil cleric, bringing them to heel as servants and minions).'
'cleric','ability',,,,,,,,,,,,,,,,,,,,,,,,,,,,,,,,,,,,,,,,,,,,,,,,,,,,,,,,,,,,,,,,,,,,,,,'Bonus spells','1','These are awarded to clerics with high wisdom.'
'druid','xp table','1','0','1',,'1','2','0','0','0','0','0','0','0','0','14','16','10','13','15','25','24','23','22','21','20','20','20','20','20','20','19','18','17','16','15','14','13','12','11','10','0','0','0','0','0','0','0','0','-','-','-','-','-','-','-','-','-','-','-','-','-','0','0','0','0','0','0','0','0','0',,,
'druid','xp table','2','2000','2',,'2','2','1','0','0','0','0','0','0','0','14','16','10','13','15','25','24','23','22','21','20','20','20','20','20','20','19','18','17','16','15','14','13','12','11','10','0','0','0','0','0','0','0','0','-','-','-','-','-','-','-','-','-','-','-','-','-','0','0','0','0','0','0','0','0','0',,,
'druid','xp table','3','4000','3',,'3','3','2','1','0','0','0','0','0','0','14','16','10','13','15','25','24','23','22','21','20','20','20','20','20','20','19','18','17','16','15','14','13','12','11','10','0','0','0','0','0','0','0','0','-','-','-','-','-','-','-','-','-','-','-','-','-','0','0','0','0','0','0','0','0','0',,,
'druid','xp table','4','8000','4',,'4','4','2','2','0','0','0','0','0','0','13','15','9','12','14','23','22','21','20','20','20','20','20','20','19','18','17','16','15','14','13','12','11','10','9','8','0','0','0','0','0','0','0','0','-','-','-','-','-','-','-','-','-','-','-','-','-','0','0','0','0','0','0','0','0','0',,,
'druid','xp table','5','12000','5',,'5','4','3','2','0','0','0','0','0','0','13','15','9','12','14','23','22','21','20','20','20','20','20','20','19','18','17','16','15','14','13','12','11','10','9','8','0','0','0','0','0','0','0','0','-','-','-','-','-','-','-','-','-','-','-','-','-','0','0','0','0','0','0','0','0','0',,,
'druid','xp table','6','20000','6',,'6','4','3','2','1','0','0','0','0','0','13','15','9','12','14','23','22','21','20','20','20','20','20','20','19','18','17','16','15','14','13','12','11','10','9','8','0','0','0','0','0','0','0','0','-','-','-','-','-','-','-','-','-','-','-','-','-','0','0','0','0','0','0','0','0','0',,,
'druid','xp table','7','35000','7',,'7','4','4','3','1','0','0','0','0','0','11','13','7','10','12','21','20','20','20','20','20','20','19','18','17','16','15','14','13','12','11','10','9','8','7','6','0','0','0','0','0','0','0','0','-','-','-','-','-','-','-','-','-','-','-','-','-','0','0','0','0','0','0','0','0','0',,,
'druid','xp table','8','60000','8',,'8','4','4','3','2','0','0','0','0','0','11','13','7','10','12','21','20','20','20','20','20','20','19','18','17','16','15','14','13','12','11','10','9','8','7','6','0','0','0','0','0','0','0','0','-','-','-','-','-','-','-','-','-','-','-','-','-','0','0','0','0','0','0','0','0','0',,,
'druid','xp table','9','90000','9',,'9','5','4','3','2','1','0','0','0','0','11','13','7','10','12','21','20','20','20','20','20','20','19','18','17','16','15','14','13','12','11','10','9','8','7','6','0','0','0','0','0','0','0','0','-','-','-','-','-','-','-','-','-','-','-','-','-','0','0','0','0','0','0','0','0','0',,,
'druid','xp table','10','125000','10',,'10','5','4','3','3','2','0','0','0','0','10','12','6','9','11','20','20','20','20','20','19','18','17','16','15','14','13','12','11','10','9','8','7','6','5','4','0','0','0','0','0','0','0','0','-','-','-','-','-','-','-','-','-','-','-','-','-','0','0','0','0','0','0','0','0','0',,,
'druid','xp table','11','200000','11',,'11','5','5','3','3','2','1','0','0','0','10','12','6','9','11','20','20','20','20','20','19','18','17','16','15','14','13','12','11','10','9','8','7','6','5','4','0','0','0','0','0','0','0','0','-','-','-','-','-','-','-','-','-','-','-','-','-','0','0','0','0','0','0','0','0','0',,,
'druid','xp table','12','300000','12','High Druid','12','5','5','4','4','3','2','1','0','0','10','12','6','9','11','20','20','20','20','20','19','18','17','16','15','14','13','12','11','10','9','8','7','6','5','4','0','0','0','0','0','0','0','0','-','-','-','-','-','-','-','-','-','-','-','-','-','0','0','0','0','0','0','0','0','0',,,
'druid','xp table','13','750000','13','Archdruid','13','6','5','5','5','4','3','2','0','0','9','11','5','8','10','20','20','20','19','18','17','16','15','14','13','12','11','10','9','8','7','6','5','4','3','2','0','0','0','0','0','0','0','0','-','-','-','-','-','-','-','-','-','-','-','-','-','0','0','0','0','0','0','0','0','0',,,
'druid','xp table','14','1500000','14','Supreme Druid','14','6','6','6','6','5','4','3','0','0','9','11','5','8','10','20','20','20','19','18','17','16','15','14','13','12','11','10','9','8','7','6','5','4','3','2','0','0','0','0','0','0','0','0','-','-','-','-','-','-','-','-','-','-','-','-','-','0','0','0','0','0','0','0','0','0',,,
'druid','ability',,,,,,,,,,,,,,,,,,,,,,,,,,,,,,,,,,,,,,,,,,,,,,,,,,,,,,,,,,,,,,,,,,,,,,,'Spell casting','1','Druids may memorise and cast druidic spells.'
'druid','ability',,,,,,,,,,,,,,,,,,,,,,,,,,,,,,,,,,,,,,,,,,,,,,,,,,,,,,,,,,,,,,,,,,,,,,,'Druids'''' Cant','1','All druids speak a secret language called the druids’'' cant.'
'druid','ability',,,,,,,,,,,,,,,,,,,,,,,,,,,,,,,,,,,,,,,,,,,,,,,,,,,,,,,,,,,,,,,,,,,,,,,'Saving Throw Bonus','1','All druids gain a saving throw bonus of +2 against fire and lightning attacks of all kinds.'
'druid','ability',,,,,,,,,,,,,,,,,,,,,,,,,,,,,,,,,,,,,,,,,,,,,,,,,,,,,,,,,,,,,,,,,,,,,,,'Druid''''s Knowledge','3','At third level and higher, a druid can identify plant and animal types, and can determine when water is pure and safe to drink.'
'druid','ability',,,,,,,,,,,,,,,,,,,,,,,,,,,,,,,,,,,,,,,,,,,,,,,,,,,,,,,,,,,,,,,,,,,,,,,'Wilderness Movement','3','At third level and higher, a druid can move through any natural undergrowth leaving no trace of his or her passage, and may do so with no reduction in his or her normal movement speed.'
'druid','ability',,,,,,,,,,,,,,,,,,,,,,,,,,,,,,,,,,,,,,,,,,,,,,,,,,,,,,,,,,,,,,,,,,,,,,,'Immunity to Fey Charm','7','At seventh level and higher, the druid becomes immune to charms and other such mental enchantments cast by fey creatures such as dryads, pixies, brownies, etc.'
'druid','ability',,,,,,,,,,,,,,,,,,,,,,,,,,,,,,,,,,,,,,,,,,,,,,,,,,,,,,,,,,,,,,,,,,,,,,,'Shapeshift','7','Druids of 7th level or higher may change their forms up to three times per day. The form assumed must be a natural animal, no smaller than a mouse, and no larger than double the druid’s normal weight; in the process of shapeshifting, the druid recovers 1d6 × 10 percent of any hit points he or she might have sustained as damage.'
'fighter','xp table','1','0','1',,'0','0','0','0','0','0','0','0','0','0','16','17','14','15','17','25','24','23','22','21','20','20','20','20','20','20','19','18','17','16','15','14','13','12','11','10','0','0','0','0','0','0','0','0','-','-','-','-','-','-','-','-','-','-','-','-','-','0','0','0','0','0','0','0','0','0',,,
'fighter','xp table','2','1900','2',,'0','0','0','0','0','0','0','0','0','0','16','17','14','15','17','24','23','22','21','20','20','20','20','20','20','19','18','17','16','15','14','13','12','11','10','9','0','0','0','0','0','0','0','0','-','-','-','-','-','-','-','-','-','-','-','-','-','0','0','0','0','0','0','0','0','0',,,
'fighter','xp table','3','4250','3',,'0','0','0','0','0','0','0','0','0','0','15','16','13','14','16','23','22','21','20','20','20','20','20','20','19','18','17','16','15','14','13','12','11','10','9','8','0','0','0','0','0','0','0','0','-','-','-','-','-','-','-','-','-','-','-','-','-','0','0','0','0','0','0','0','0','0',,,
'fighter','xp table','4','7750','4',,'0','0','0','0','0','0','0','0','0','0','15','16','13','14','16','22','21','20','20','20','20','20','20','19','18','17','16','15','14','13','12','11','10','9','8','7','0','0','0','0','0','0','0','0','-','-','-','-','-','-','-','-','-','-','-','-','-','0','0','0','0','0','0','0','0','0',,,
'fighter','xp table','5','16000','5',,'0','0','0','0','0','0','0','0','0','0','13','13','11','12','14','21','20','20','20','20','20','20','19','18','17','16','15','14','13','12','11','10','9','8','7','6','0','0','0','0','0','0','0','0','-','-','-','-','-','-','-','-','-','-','-','-','-','0','0','0','0','0','0','0','0','0',,,
'fighter','xp table','6','35000','6',,'0','0','0','0','0','0','0','0','0','0','13','13','11','12','14','20','20','20','20','20','20','19','18','17','16','15','14','13','12','11','10','9','8','7','6','5','0','0','0','0','0','0','0','0','-','-','-','-','-','-','-','-','-','-','-','-','-','0','0','0','0','0','0','0','0','0',,,
'fighter','xp table','7','75000','7','Bonus Attacks','0','0','0','0','0','0','0','0','0','0','12','12','10','11','13','20','20','20','20','20','19','18','17','16','15','14','13','12','11','10','9','8','7','6','5','4','0','0','0','0','0','0','0','0','-','-','-','-','-','-','-','-','-','-','-','-','-','0','0','0','0','0','0','0','0','0',,,
'fighter','xp table','8','125000','8',,'0','0','0','0','0','0','0','0','0','0','12','12','10','11','13','20','20','20','20','19','18','17','16','15','14','13','12','11','10','9','8','7','6','5','4','3','0','0','0','0','0','0','0','0','-','-','-','-','-','-','-','-','-','-','-','-','-','0','0','0','0','0','0','0','0','0',,,
'fighter','xp table','9','250000','9','Lord (Lady)','0','0','0','0','0','0','0','0','0','0','10','9','8','9','11','20','20','20','19','18','17','16','15','14','13','12','11','10','9','8','7','6','5','4','3','2','0','0','0','0','0','0','0','0','-','-','-','-','-','-','-','-','-','-','-','-','-','0','0','0','0','0','0','0','0','0',,,
'fighter','xp table','10','500000','9+3',,'0','0','0','0','0','0','0','0','0','0','10','9','8','9','11','20','20','19','18','17','16','15','14','13','12','11','10','9','8','7','6','5','4','3','2','1','0','0','0','0','0','0','0','0','-','-','-','-','-','-','-','-','-','-','-','-','-','0','0','0','0','0','0','0','0','0',,,
'fighter','xp table','11','750000','9+6',,'0','0','0','0','0','0','0','0','0','0','9','8','7','8','10','20','19','18','17','16','15','14','13','12','11','10','9','8','7','6','5','4','3','2','1','0','0','0','0','0','0','0','0','0','-','-','-','-','-','-','-','-','-','-','-','-','-','0','0','0','0','0','0','0','0','0',,,
'fighter','xp table','12','1000000','9+9',,'0','0','0','0','0','0','0','0','0','0','9','8','7','8','10','19','18','17','16','15','14','13','12','11','10','9','8','7','6','5','4','3','2','1','0','-1','0','0','0','0','0','0','0','0','-','-','-','-','-','-','-','-','-','-','-','-','-','0','0','0','0','0','0','0','0','0',,,
'fighter','xp table','13','1250000','9+12',,'0','0','0','0','0','0','0','0','0','0','7','5','5','6','8','18','17','16','15','14','13','12','11','10','9','8','7','6','5','4','3','2','1','0','-1','-2','0','0','0','0','0','0','0','0','-','-','-','-','-','-','-','-','-','-','-','-','-','0','0','0','0','0','0','0','0','0',,,
'fighter','xp table','14','1500000','9+15',,'0','0','0','0','0','0','0','0','0','0','7','5','5','6','8','17','16','15','14','13','12','11','10','9','8','7','6','5','4','3','2','1','0','-1','-2','-3','0','0','0','0','0','0','0','0','-','-','-','-','-','-','-','-','-','-','-','-','-','0','0','0','0','0','0','0','0','0',,,
'fighter','xp table','15','1750000','9+18',,'0','0','0','0','0','0','0','0','0','0','6','4','4','5','7','16','15','14','13','12','11','10','9','8','7','6','5','4','3','2','1','0','-1','-2','-3','-4','0','0','0','0','0','0','0','0','-','-','-','-','-','-','-','-','-','-','-','-','-','0','0','0','0','0','0','0','0','0',,,
'fighter','xp table','16','2000000','9+21',,'0','0','0','0','0','0','0','0','0','0','6','4','4','5','7','15','14','13','12','11','10','9','8','7','6','5','4','3','2','1','0','-1','-2','-3','-4','-5','0','0','0','0','0','0','0','0','-','-','-','-','-','-','-','-','-','-','-','-','-','0','0','0','0','0','0','0','0','0',,,
'fighter','xp table','17','2250000','9+24',,'0','0','0','0','0','0','0','0','0','0','5','4','3','4','6','14','13','12','11','10','9','8','7','6','5','4','3','2','1','0','-1','-2','-3','-4','-5','-6','0','0','0','0','0','0','0','0','-','-','-','-','-','-','-','-','-','-','-','-','-','0','0','0','0','0','0','0','0','0',,,
'fighter','xp table','18','2500000','9+27',,'0','0','0','0','0','0','0','0','0','0','5','4','3','4','6','13','12','11','10','9','8','7','6','5','4','3','2','1','0','-1','-2','-3','-4','-5','-6','-7','0','0','0','0','0','0','0','0','-','-','-','-','-','-','-','-','-','-','-','-','-','0','0','0','0','0','0','0','0','0',,,
'fighter','xp table','19','2750000','9+30',,'0','0','0','0','0','0','0','0','0','0','4','3','2','3','5','12','11','10','9','8','7','6','5','4','3','2','1','0','-1','-2','-3','-4','-5','-6','-7','-8','0','0','0','0','0','0','0','0','-','-','-','-','-','-','-','-','-','-','-','-','-','0','0','0','0','0','0','0','0','0',,,
'fighter','xp table','20','3000000','9+33',,'0','0','0','0','0','0','0','0','0','0','4','3','2','3','5','11','10','9','8','7','6','5','4','3','2','1','0','-1','-2','-3','-4','-5','-6','-7','-8','-9','0','0','0','0','0','0','0','0','-','-','-','-','-','-','-','-','-','-','-','-','-','0','0','0','0','0','0','0','0','0',,,
'fighter','xp table','each','250000','+3 hp',,'0','0','0','0','0','0','0','0','0','0','4','3','2','3','5','11','10','9','8','7','6','5','4','3','2','1','0','-1','-2','-3','-4','-5','-6','-7','-8','-9','0','0','0','0','0','0','0','0','-','-','-','-','-','-','-','-','-','-','-','-','-','0','0','0','0','0','0','0','0','0',,,
'fighter','ability',,,,,,,,,,,,,,,,,,,,,,,,,,,,,,,,,,,,,,,,,,,,,,,,,,,,,,,,,,,,,,,,,,,,,,,'Fighting the Unskilled','1','When the fighter is attacking creatures with less than a full hit die (i.e. less than 1d8 hit points), the fighter receives one attack for each of his or her levels of experience, e.g. a 4th-level fighter attacking goblins would receive 4 attacks per round.'
'fighter','ability',,,,,,,,,,,,,,,,,,,,,,,,,,,,,,,,,,,,,,,,,,,,,,,,,,,,,,,,,,,,,,,,,,,,,,,'NB','1','A fighter exercising multiple attacks departs from the normal initiative procedure. The fighter will automatically attack first in the round unless fighting an opponent with multiple attacks of its own (in which case initiative should be rolled as normal). The fighter’s second attack in any given melee round will come last in the sequence.'
'fighter','ability',,,,,,,,,,,,,,,,,,,,,,,,,,,,,,,,,,,,,,,,,,,,,,,,,,,,,,,,,,,,,,,,,,,,,,,'Weapon Specialisation','1','If weapon specialisation is in play, fighters may take a second proficiency in the same weapon as the first, granting them one extra attack every 2 rounds with the weapon (hence 3/2 attacks with a melee weapon at 1st level, 2/1 at 7th and 5/2 at 13th), +1 to hit and +2 damage owing to their skill. Specialisation costs one proficiency “slot” for melee weapons and crossbows, and two “slots” for missile weapons other than crossbows.'
'fighter','ability',,,,,,,,,,,,,,,,,,,,,,,,,,,,,,,,,,,,,,,,,,,,,,,,,,,,,,,,,,,,,,,,,,,,,,,'Double Specialisation','1','For melee weapons that are not polearms or two-handed swords, a third weapon proficiency may be used to specialise further; this increases combat bonuses to +3 to hit and +3 damage with the weapon.'
'fighter','ability',,,,,,,,,,,,,,,,,,,,,,,,,,,,,,,,,,,,,,,,,,,,,,,,,,,,,,,,,,,,,,,,,,,,,,,'Bonus Attack','7','At 7th to 12th levels, fighters attack thrice every two rounds (3/2 attacks). A partial additional attack (e.g. 3/2 attacks) means that the extra attack is taken on odd-numbered rounds in the combat sequence.'
'fighter','ability',,,,,,,,,,,,,,,,,,,,,,,,,,,,,,,,,,,,,,,,,,,,,,,,,,,,,,,,,,,,,,,,,,,,,,,'Bonus Attack','13','At 13th or higher levels they attack twice per round (2/1 attacks). A partial additional attack (e.g. 3/2 attacks) means that the extra attack is taken on odd-numbered rounds in the combat sequence.'
'illusionist','xp table','1','0','1',,'1','1','0','0','0','0','0','0','0','0','11','15','14','13','12','26','25','24','23','22','21','20','20','20','20','20','20','19','18','17','16','15','14','13','12','11','0','0','0','0','0','0','0','0','-','-','-','-','-','-','-','-','-','-','-','-','-','0','0','0','0','0','0','0','0','0',,,
'illusionist','xp table','2','2500','2',,'2','2','0','0','0','0','0','0','0','0','11','15','14','13','12','26','25','24','23','22','21','20','20','20','20','20','20','19','18','17','16','15','14','13','12','11','0','0','0','0','0','0','0','0','-','-','-','-','-','-','-','-','-','-','-','-','-','0','0','0','0','0','0','0','0','0',,,
'illusionist','xp table','3','4750','3',,'3','2','1','0','0','0','0','0','0','0','11','15','14','13','12','26','25','24','23','22','21','20','20','20','20','20','20','19','18','17','16','15','14','13','12','11','0','0','0','0','0','0','0','0','-','-','-','-','-','-','-','-','-','-','-','-','-','0','0','0','0','0','0','0','0','0',,,
'illusionist','xp table','4','9000','4',,'4','3','2','0','0','0','0','0','0','0','11','15','14','13','12','26','25','24','23','22','21','20','20','20','20','20','20','19','18','17','16','15','14','13','12','11','0','0','0','0','0','0','0','0','-','-','-','-','-','-','-','-','-','-','-','-','-','0','0','0','0','0','0','0','0','0',,,
'illusionist','xp table','5','18000','5',,'5','4','3','1','0','0','0','0','0','0','11','15','14','13','12','26','25','24','23','22','21','20','20','20','20','20','20','19','18','17','16','15','14','13','12','11','0','0','0','0','0','0','0','0','-','-','-','-','-','-','-','-','-','-','-','-','-','0','0','0','0','0','0','0','0','0',,,
'illusionist','xp table','6','35000','6',,'6','4','3','2','0','0','0','0','0','0','9','13','13','11','10','24','23','22','21','20','20','20','20','20','20','19','18','17','16','15','14','13','12','11','10','9','0','0','0','0','0','0','0','0','-','-','-','-','-','-','-','-','-','-','-','-','-','0','0','0','0','0','0','0','0','0',,,
'illusionist','xp table','7','60250','7','May hire followers','7','4','3','2','1','0','0','0','0','0','9','13','13','11','10','24','23','22','21','20','20','20','20','20','20','19','18','17','16','15','14','13','12','11','10','9','0','0','0','0','0','0','0','0','-','-','-','-','-','-','-','-','-','-','-','-','-','0','0','0','0','0','0','0','0','0',,,
'illusionist','xp table','8','95000','8',,'8','4','3','2','2','0','0','0','0','0','9','13','13','11','10','24','23','22','21','20','20','20','20','20','20','19','18','17','16','15','14','13','12','11','10','9','0','0','0','0','0','0','0','0','-','-','-','-','-','-','-','-','-','-','-','-','-','0','0','0','0','0','0','0','0','0',,,
'illusionist','xp table','9','144500','9',,'9','5','3','3','2','0','0','0','0','0','9','13','13','11','10','24','23','22','21','20','20','20','20','20','20','19','18','17','16','15','14','13','12','11','10','9','0','0','0','0','0','0','0','0','-','-','-','-','-','-','-','-','-','-','-','-','-','0','0','0','0','0','0','0','0','0',,,
'illusionist','xp table','10','220000','10','Master of Phantasms','10','5','4','3','2','1','0','0','0','0','9','13','13','11','10','24','23','22','21','20','20','20','20','20','20','19','18','17','16','15','14','13','12','11','10','9','0','0','0','0','0','0','0','0','-','-','-','-','-','-','-','-','-','-','-','-','-','0','0','0','0','0','0','0','0','0',,,
'illusionist','xp table','11','440000','10+1',,'11','5','4','3','3','2','0','0','0','0','7','11','11','9','8','22','21','20','20','20','20','20','20','19','18','17','16','15','14','13','12','11','10','9','8','7','0','0','0','0','0','0','0','0','-','-','-','-','-','-','-','-','-','-','-','-','-','0','0','0','0','0','0','0','0','0',,,
'illusionist','xp table','12','660000','10+2',,'12','5','5','4','3','2','1','0','0','0','7','11','11','9','8','22','21','20','20','20','20','20','20','19','18','17','16','15','14','13','12','11','10','9','8','7','0','0','0','0','0','0','0','0','-','-','-','-','-','-','-','-','-','-','-','-','-','0','0','0','0','0','0','0','0','0',,,
'illusionist','xp table','13','880000','10+3',,'13','5','5','4','3','2','2','0','0','0','7','11','11','9','8','22','21','20','20','20','20','20','20','19','18','17','16','15','14','13','12','11','10','9','8','7','0','0','0','0','0','0','0','0','-','-','-','-','-','-','-','-','-','-','-','-','-','0','0','0','0','0','0','0','0','0',,,
'illusionist','xp table','14','1100000','10+4',,'14','5','5','4','3','2','2','1','0','0','7','11','11','9','8','22','21','20','20','20','20','20','20','19','18','17','16','15','14','13','12','11','10','9','8','7','0','0','0','0','0','0','0','0','-','-','-','-','-','-','-','-','-','-','-','-','-','0','0','0','0','0','0','0','0','0',,,
'illusionist','xp table','15','1320000','10+5',,'15','5','5','4','4','2','2','2','0','0','7','11','11','9','8','22','21','20','20','20','20','20','20','19','18','17','16','15','14','13','12','11','10','9','8','7','0','0','0','0','0','0','0','0','-','-','-','-','-','-','-','-','-','-','-','-','-','0','0','0','0','0','0','0','0','0',,,
'illusionist','xp table','16','1540000','10+6',,'16','5','5','5','4','3','2','2','0','0','5','9','10','7','6','20','20','20','20','20','20','19','18','17','16','15','14','13','12','11','10','9','8','7','6','5','0','0','0','0','0','0','0','0','-','-','-','-','-','-','-','-','-','-','-','-','-','0','0','0','0','0','0','0','0','0',,,
'illusionist','xp table','17','1760000','10+7',,'17','6','5','5','4','3','3','2','0','0','5','9','10','7','6','20','20','20','20','20','20','19','18','17','16','15','14','13','12','11','10','9','8','7','6','5','0','0','0','0','0','0','0','0','-','-','-','-','-','-','-','-','-','-','-','-','-','0','0','0','0','0','0','0','0','0',,,
'illusionist','xp table','18','1980000','10+8',,'18','6','6','5','4','4','3','2','0','0','5','9','10','7','6','20','20','20','20','20','20','19','18','17','16','15','14','13','12','11','10','9','8','7','6','5','0','0','0','0','0','0','0','0','-','-','-','-','-','-','-','-','-','-','-','-','-','0','0','0','0','0','0','0','0','0',,,
'illusionist','xp table','19','2200000','10+9',,'19','6','6','5','5','5','3','2','0','0','5','9','10','7','6','20','20','20','20','20','20','19','18','17','16','15','14','13','12','11','10','9','8','7','6','5','0','0','0','0','0','0','0','0','-','-','-','-','-','-','-','-','-','-','-','-','-','0','0','0','0','0','0','0','0','0',,,
'illusionist','xp table','20','2420000','10+10',,'20','6','6','6','5','5','4','2','0','0','5','9','10','7','6','20','20','20','20','20','20','19','18','17','16','15','14','13','12','11','10','9','8','7','6','5','0','0','0','0','0','0','0','0','-','-','-','-','-','-','-','-','-','-','-','-','-','0','0','0','0','0','0','0','0','0',,,
'illusionist','xp table','21','2640000','10+11',,'21','6','6','6','6','5','4','3','0','0','3','7','8','5','4','20','20','20','20','19','18','17','16','15','14','13','12','11','10','9','8','7','6','5','4','3','0','0','0','0','0','0','0','0','-','-','-','-','-','-','-','-','-','-','-','-','-','0','0','0','0','0','0','0','0','0',,,
'illusionist','xp table','22','2860000','10+12',,'22','6','6','6','6','5','5','3','0','0','3','7','8','5','4','20','20','20','20','19','18','17','16','15','14','13','12','11','10','9','8','7','6','5','4','3','0','0','0','0','0','0','0','0','-','-','-','-','-','-','-','-','-','-','-','-','-','0','0','0','0','0','0','0','0','0',,,
'illusionist','xp table','23','3080000','10+13',,'23','6','6','6','6','6','5','4','0','0','3','7','8','5','4','20','20','20','20','19','18','17','16','15','14','13','12','11','10','9','8','7','6','5','4','3','0','0','0','0','0','0','0','0','-','-','-','-','-','-','-','-','-','-','-','-','-','0','0','0','0','0','0','0','0','0',,,
'illusionist','xp table','24','3300000','10+14',,'24','6','6','6','6','6','6','5','0','0','3','7','8','5','4','20','20','20','20','19','18','17','16','15','14','13','12','11','10','9','8','7','6','5','4','3','0','0','0','0','0','0','0','0','-','-','-','-','-','-','-','-','-','-','-','-','-','0','0','0','0','0','0','0','0','0',,,
'illusionist','xp table','each','220000','+1 hp',,'1','6','6','6','6','6','6','5','0','0','3','7','8','5','4','20','20','20','20','19','18','17','16','15','14','13','12','11','10','9','8','7','6','5','4','3','0','0','0','0','0','0','0','0','-','-','-','-','-','-','-','-','-','-','-','-','-','0','0','0','0','0','0','0','0','0',,,
'illusionist','ability',,,,,,,,,,,,,,,,,,,,,,,,,,,,,,,,,,,,,,,,,,,,,,,,,,,,,,,,,,,,,,,,,,,,,,,'Spell casting','1','Illusionists may memorise and cast phantasmal spells. Illusionist spells are written in phantasmal script, which can ordinarily only be deciphered by an illusionist. Illusionists do not employ (or require) the read magic spell.'
'magic_user','xp table','1','0','1',,'1','1','0','0','0','0','0','0','0','0','11','15','14','13','12','26','25','24','23','22','21','20','20','20','20','20','20','19','18','17','16','15','14','13','12','11','0','0','0','0','0','0','0','0','-','-','-','-','-','-','-','-','-','-','-','-','-','0','0','0','0','0','0','0','0','0',,,
'magic_user','xp table','2','2400','2',,'2','2','0','0','0','0','0','0','0','0','11','15','14','13','12','26','25','24','23','22','21','20','20','20','20','20','20','19','18','17','16','15','14','13','12','11','0','0','0','0','0','0','0','0','-','-','-','-','-','-','-','-','-','-','-','-','-','0','0','0','0','0','0','0','0','0',,,
'magic_user','xp table','3','4800','3',,'3','2','1','0','0','0','0','0','0','0','11','15','14','13','12','26','25','24','23','22','21','20','20','20','20','20','20','19','18','17','16','15','14','13','12','11','0','0','0','0','0','0','0','0','-','-','-','-','-','-','-','-','-','-','-','-','-','0','0','0','0','0','0','0','0','0',,,
'magic_user','xp table','4','10250','4',,'4','3','2','0','0','0','0','0','0','0','11','15','14','13','12','26','25','24','23','22','21','20','20','20','20','20','20','19','18','17','16','15','14','13','12','11','0','0','0','0','0','0','0','0','-','-','-','-','-','-','-','-','-','-','-','-','-','0','0','0','0','0','0','0','0','0',,,
'magic_user','xp table','5','22000','5',,'5','4','2','1','0','0','0','0','0','0','11','15','14','13','12','26','25','24','23','22','21','20','20','20','20','20','20','19','18','17','16','15','14','13','12','11','0','0','0','0','0','0','0','0','-','-','-','-','-','-','-','-','-','-','-','-','-','0','0','0','0','0','0','0','0','0',,,
'magic_user','xp table','6','40000','6',,'6','4','3','2','0','0','0','0','0','0','9','13','13','11','10','24','23','22','21','20','20','20','20','20','20','19','18','17','16','15','14','13','12','11','10','9','0','0','0','0','0','0','0','0','-','-','-','-','-','-','-','-','-','-','-','-','-','0','0','0','0','0','0','0','0','0',,,
'magic_user','xp table','7','60000','7','Eldritch Craft','7','4','3','2','1','0','0','0','0','0','9','13','13','11','10','24','23','22','21','20','20','20','20','20','20','19','18','17','16','15','14','13','12','11','10','9','0','0','0','0','0','0','0','0','-','-','-','-','-','-','-','-','-','-','-','-','-','0','0','0','0','0','0','0','0','0',,,
'magic_user','xp table','8','80000','8',,'8','4','3','3','2','0','0','0','0','0','9','13','13','11','10','24','23','22','21','20','20','20','20','20','20','19','18','17','16','15','14','13','12','11','10','9','0','0','0','0','0','0','0','0','-','-','-','-','-','-','-','-','-','-','-','-','-','0','0','0','0','0','0','0','0','0',,,
'magic_user','xp table','9','140000','9',,'9','4','4','3','2','1','0','0','0','0','9','13','13','11','10','24','23','22','21','20','20','20','20','20','20','19','18','17','16','15','14','13','12','11','10','9','0','0','0','0','0','0','0','0','-','-','-','-','-','-','-','-','-','-','-','-','-','0','0','0','0','0','0','0','0','0',,,
'magic_user','xp table','10','250000','10',,'10','4','4','3','2','2','0','0','0','0','9','13','13','11','10','24','23','22','21','20','20','20','20','20','20','19','18','17','16','15','14','13','12','11','10','9','0','0','0','0','0','0','0','0','-','-','-','-','-','-','-','-','-','-','-','-','-','0','0','0','0','0','0','0','0','0',,,
'magic_user','xp table','11','375000','11','Wizard','11','4','4','4','3','3','0','0','0','0','7','11','11','9','8','22','21','20','20','20','20','20','20','19','18','17','16','15','14','13','12','11','10','9','8','7','0','0','0','0','0','0','0','0','-','-','-','-','-','-','-','-','-','-','-','-','-','0','0','0','0','0','0','0','0','0',,,
'magic_user','xp table','12','750000','11+1','Eldritch Power','12','5','4','4','3','3','1','0','0','0','7','11','11','9','8','22','21','20','20','20','20','20','20','19','18','17','16','15','14','13','12','11','10','9','8','7','0','0','0','0','0','0','0','0','-','-','-','-','-','-','-','-','-','-','-','-','-','0','0','0','0','0','0','0','0','0',,,
'magic_user','xp table','13','1125000','11+2',,'13','5','5','4','3','3','2','0','0','0','7','11','11','9','8','22','21','20','20','20','20','20','20','19','18','17','16','15','14','13','12','11','10','9','8','7','0','0','0','0','0','0','0','0','-','-','-','-','-','-','-','-','-','-','-','-','-','0','0','0','0','0','0','0','0','0',,,
'magic_user','xp table','14','1500000','11+3',,'14','5','5','5','4','4','2','1','0','0','7','11','11','9','8','22','21','20','20','20','20','20','20','19','18','17','16','15','14','13','12','11','10','9','8','7','0','0','0','0','0','0','0','0','-','-','-','-','-','-','-','-','-','-','-','-','-','0','0','0','0','0','0','0','0','0',,,
'magic_user','xp table','15','1875000','11+4',,'15','5','5','5','4','4','3','2','0','0','7','11','11','9','8','22','21','20','20','20','20','20','20','19','18','17','16','15','14','13','12','11','10','9','8','7','0','0','0','0','0','0','0','0','-','-','-','-','-','-','-','-','-','-','-','-','-','0','0','0','0','0','0','0','0','0',,,
'magic_user','xp table','16','2250000','11+5','Mage','16','5','5','5','4','4','3','2','1','0','5','9','10','7','6','20','20','20','20','20','20','19','18','17','16','15','14','13','12','11','10','9','8','7','6','5','0','0','0','0','0','0','0','0','-','-','-','-','-','-','-','-','-','-','-','-','-','0','0','0','0','0','0','0','0','0',,,
'magic_user','xp table','17','2625000','11+6',,'17','5','5','5','5','5','4','3','2','0','5','9','10','7','6','20','20','20','20','20','20','19','18','17','16','15','14','13','12','11','10','9','8','7','6','5','0','0','0','0','0','0','0','0','-','-','-','-','-','-','-','-','-','-','-','-','-','0','0','0','0','0','0','0','0','0',,,
'magic_user','xp table','18','3000000','11+7','Archmage','18','5','5','5','5','5','4','3','2','1','5','9','10','7','6','20','20','20','20','20','20','19','18','17','16','15','14','13','12','11','10','9','8','7','6','5','0','0','0','0','0','0','0','0','-','-','-','-','-','-','-','-','-','-','-','-','-','0','0','0','0','0','0','0','0','0',,,
'magic_user','xp table','19','3375000','11+8',,'19','5','5','5','5','5','5','4','3','1','5','9','10','7','6','20','20','20','20','20','20','19','18','17','16','15','14','13','12','11','10','9','8','7','6','5','0','0','0','0','0','0','0','0','-','-','-','-','-','-','-','-','-','-','-','-','-','0','0','0','0','0','0','0','0','0',,,
'magic_user','xp table','20','3750000','11+9',,'20','5','5','5','5','5','5','4','3','2','5','9','10','7','6','20','20','20','20','20','20','19','18','17','16','15','14','13','12','11','10','9','8','7','6','5','0','0','0','0','0','0','0','0','-','-','-','-','-','-','-','-','-','-','-','-','-','0','0','0','0','0','0','0','0','0',,,
'magic_user','xp table','21','4125000','11+10',,'21','6','6','5','5','5','5','4','4','2','3','7','8','5','4','20','20','20','20','19','18','17','16','15','14','13','12','11','10','9','8','7','6','5','4','3','0','0','0','0','0','0','0','0','-','-','-','-','-','-','-','-','-','-','-','-','-','0','0','0','0','0','0','0','0','0',,,
'magic_user','xp table','22','4500000','11+11',,'22','6','6','6','6','5','5','5','4','2','3','7','8','5','4','20','20','20','20','19','18','17','16','15','14','13','12','11','10','9','8','7','6','5','4','3','0','0','0','0','0','0','0','0','-','-','-','-','-','-','-','-','-','-','-','-','-','0','0','0','0','0','0','0','0','0',,,
'magic_user','xp table','23','4875000','11+12',,'23','6','6','6','6','6','6','5','4','3','3','7','8','5','4','20','20','20','20','19','18','17','16','15','14','13','12','11','10','9','8','7','6','5','4','3','0','0','0','0','0','0','0','0','-','-','-','-','-','-','-','-','-','-','-','-','-','0','0','0','0','0','0','0','0','0',,,
'magic_user','xp table','24','5250000','11+13',,'24','6','6','6','6','6','6','6','5','3','3','7','8','5','4','20','20','20','20','19','18','17','16','15','14','13','12','11','10','9','8','7','6','5','4','3','0','0','0','0','0','0','0','0','-','-','-','-','-','-','-','-','-','-','-','-','-','0','0','0','0','0','0','0','0','0',,,
'magic_user','xp table','each','375000','+1 hp',,'1','6','6','6','6','6','6','6','5','3','3','7','8','5','4','20','20','20','20','19','18','17','16','15','14','13','12','11','10','9','8','7','6','5','4','3','0','0','0','0','0','0','0','0','-','-','-','-','-','-','-','-','-','-','-','-','-','0','0','0','0','0','0','0','0','0',,,
'magic_user','ability',,,,,,,,,,,,,,,,,,,,,,,,,,,,,,,,,,,,,,,,,,,,,,,,,,,,,,,,,,,,,,,,,,,,,,,'Spellcasting','1','Magic users may memorise and cast arcane spells.'
'magic_user','ability',,,,,,,,,,,,,,,,,,,,,,,,,,,,,,,,,,,,,,,,,,,,,,,,,,,,,,,,,,,,,,,,,,,,,,,'Eldritch Craft','7','Mages of 7th or higher level may create magical potions, scribe arcane scrolls (of spells that he or she already knows) and recharge magical rods, staves and wands.'
'magic_user','ability',,,,,,,,,,,,,,,,,,,,,,,,,,,,,,,,,,,,,,,,,,,,,,,,,,,,,,,,,,,,,,,,,,,,,,,'Eldritch Power','12','Magic users of 12th level or higher may attempt to create other magical items by means of the enchant an item spell.'
'paladin','xp table','1','0','1',,'0','0','0','0','0','0','0','0','0','0','14','15','12','13','15','25','24','23','22','21','20','20','20','20','20','20','19','18','17','16','15','14','13','12','11','10','0','0','0','0','0','0','0','0','-','-','-','-','-','-','-','-','-','-','-','-','-','0','0','0','0','0','0','0','0','0',,,
'paladin','xp table','2','2550','2',,'0','0','0','0','0','0','0','0','0','0','14','15','12','13','15','24','23','22','21','20','20','20','20','20','20','19','18','17','16','15','14','13','12','11','10','9','0','0','0','0','0','0','0','0','-','-','-','-','-','-','-','-','-','-','-','-','-','0','0','0','0','0','0','0','0','0',,,
'paladin','xp table','3','5500','3','Turn Undead','0','0','0','0','0','0','0','0','0','0','13','14','11','12','14','23','22','21','20','20','20','20','20','20','19','18','17','16','15','14','13','12','11','10','9','8','0','0','0','0','0','0','0','0','-','-','-','-','-','-','-','-','-','-','-','-','-','0','0','0','0','0','0','0','0','0',,,
'paladin','xp table','4','12500','4','Warhorse','0','0','0','0','0','0','0','0','0','0','13','14','11','12','14','22','21','20','20','20','20','20','20','19','18','17','16','15','14','13','12','11','10','9','8','7','0','0','0','0','0','0','0','0','-','-','-','-','-','-','-','-','-','-','-','-','-','0','0','0','0','0','0','0','0','0',,,
'paladin','xp table','5','25000','5',,'0','0','0','0','0','0','0','0','0','0','11','11','9','10','12','21','20','20','20','20','20','20','19','18','17','16','15','14','13','12','11','10','9','8','7','6','0','0','0','0','0','0','0','0','-','-','-','-','-','-','-','-','-','-','-','-','-','0','0','0','0','0','0','0','0','0',,,
'paladin','xp table','6','45000','6',,'0','0','0','0','0','0','0','0','0','0','11','11','9','10','12','20','20','20','20','20','20','19','18','17','16','15','14','13','12','11','10','9','8','7','6','5','0','0','0','0','0','0','0','0','-','-','-','-','-','-','-','-','-','-','-','-','-','0','0','0','0','0','0','0','0','0',,,
'paladin','xp table','7','95000','7',,'0','0','0','0','0','0','0','0','0','0','10','10','8','9','11','20','20','20','20','20','19','18','17','16','15','14','13','12','11','10','9','8','7','6','5','4','0','0','0','0','0','0','0','0','-','-','-','-','-','-','-','-','-','-','-','-','-','0','0','0','0','0','0','0','0','0',,,
'paladin','xp table','8','175000','8','Bonus Attacks','0','0','0','0','0','0','0','0','0','0','10','10','8','9','11','20','20','20','20','19','18','17','16','15','14','13','12','11','10','9','8','7','6','5','4','3','0','0','0','0','0','0','0','0','-','-','-','-','-','-','-','-','-','-','-','-','-','0','0','0','0','0','0','0','0','0',,,
'paladin','xp table','9','325000','9','Knight','1','1','0','0','0','0','0','0','0','0','8','7','6','7','9','20','20','20','19','18','17','16','15','14','13','12','11','10','9','8','7','6','5','4','3','2','0','0','0','0','0','0','0','0','-','-','-','-','-','-','-','-','-','-','-','-','-','0','0','0','0','0','0','0','0','0',,,
'paladin','xp table','10','600000','9+3',,'2','2','0','0','0','0','0','0','0','0','8','7','6','7','9','20','20','19','18','17','16','15','14','13','12','11','10','9','8','7','6','5','4','3','2','1','0','0','0','0','0','0','0','0','-','-','-','-','-','-','-','-','-','-','-','-','-','0','0','0','0','0','0','0','0','0',,,
'paladin','xp table','11','1000000','9+6',,'3','2','1','0','0','0','0','0','0','0','7','6','5','6','8','20','19','18','17','16','15','14','13','12','11','10','9','8','7','6','5','4','3','2','1','0','0','0','0','0','0','0','0','0','-','-','-','-','-','-','-','-','-','-','-','-','-','0','0','0','0','0','0','0','0','0',,,
'paladin','xp table','12','1350000','9+9',,'4','2','2','0','0','0','0','0','0','0','7','6','5','6','8','19','18','17','16','15','14','13','12','11','10','9','8','7','6','5','4','3','2','1','0','-1','0','0','0','0','0','0','0','0','-','-','-','-','-','-','-','-','-','-','-','-','-','0','0','0','0','0','0','0','0','0',,,
'paladin','xp table','13','1700000','9+12',,'5','2','2','1','0','0','0','0','0','0','5','3','3','4','6','18','17','16','15','14','13','12','11','10','9','8','7','6','5','4','3','2','1','0','-1','-2','0','0','0','0','0','0','0','0','-','-','-','-','-','-','-','-','-','-','-','-','-','0','0','0','0','0','0','0','0','0',,,
'paladin','xp table','14','2050000','9+15',,'6','3','2','1','0','0','0','0','0','0','5','3','2','4','6','17','16','15','14','13','12','11','10','9','8','7','6','5','4','3','2','1','0','-1','-2','-3','0','0','0','0','0','0','0','0','-','-','-','-','-','-','-','-','-','-','-','-','-','0','0','0','0','0','0','0','0','0',,,
'paladin','xp table','15','2400000','9+18',,'7','3','2','1','1','0','0','0','0','0','4','2','2','3','5','16','15','14','13','12','11','10','9','8','7','6','5','4','3','2','1','0','-1','-2','-3','-4','0','0','0','0','0','0','0','0','-','-','-','-','-','-','-','-','-','-','-','-','-','0','0','0','0','0','0','0','0','0',,,
'paladin','xp table','16','2750000','9+21',,'8','3','3','1','1','0','0','0','0','0','4','2','2','3','5','15','14','13','12','11','10','9','8','7','6','5','4','3','2','1','0','-1','-2','-3','-4','-5','0','0','0','0','0','0','0','0','-','-','-','-','-','-','-','-','-','-','-','-','-','0','0','0','0','0','0','0','0','0',,,
'paladin','xp table','17','3100000','9+24',,'8','3','3','2','1','0','0','0','0','0','3','2','2','2','4','14','13','12','11','10','9','8','7','6','5','4','3','2','1','0','-1','-2','-3','-4','-5','-6','0','0','0','0','0','0','0','0','-','-','-','-','-','-','-','-','-','-','-','-','-','0','0','0','0','0','0','0','0','0',,,
'paladin','xp table','18','3450000','9+27',,'8','3','3','3','1','0','0','0','0','0','3','2','2','2','4','13','12','11','10','9','8','7','6','5','4','3','2','1','0','-1','-2','-3','-4','-5','-6','-7','0','0','0','0','0','0','0','0','-','-','-','-','-','-','-','-','-','-','-','-','-','0','0','0','0','0','0','0','0','0',,,
'paladin','xp table','19','3800000','9+30',,'8','3','3','3','2','0','0','0','0','0','2','2','2','2','3','12','11','10','9','8','7','6','5','4','3','2','1','0','-1','-2','-3','-4','-5','-6','-7','-8','0','0','0','0','0','0','0','0','-','-','-','-','-','-','-','-','-','-','-','-','-','0','0','0','0','0','0','0','0','0',,,
'paladin','xp table','20','4150000','9+33',,'8','3','3','3','3','0','0','0','0','0','2','2','2','2','3','11','10','9','8','7','6','5','4','3','2','1','0','-1','-2','-3','-4','-5','-6','-7','-8','-9','0','0','0','0','0','0','0','0','-','-','-','-','-','-','-','-','-','-','-','-','-','0','0','0','0','0','0','0','0','0',,,
'paladin','xp table','21','4500000','9+36',,'8','4','3','3','3','0','0','0','0','0','2','2','2','2','3','11','10','9','8','7','6','5','4','3','2','1','0','-1','-2','-3','-4','-5','-6','-7','-8','-9','0','0','0','0','0','0','0','0','-','-','-','-','-','-','-','-','-','-','-','-','-','0','0','0','0','0','0','0','0','0',,,
'paladin','xp table','22','4850000','9+39',,'8','4','4','3','3','0','0','0','0','0','2','2','2','2','3','11','10','9','8','7','6','5','4','3','2','1','0','-1','-2','-3','-4','-5','-6','-7','-8','-9','0','0','0','0','0','0','0','0','-','-','-','-','-','-','-','-','-','-','-','-','-','0','0','0','0','0','0','0','0','0',,,
'paladin','xp table','23','5200000','9+42',,'8','4','4','4','3','0','0','0','0','0','2','2','2','2','3','11','10','9','8','7','6','5','4','3','2','1','0','-1','-2','-3','-4','-5','-6','-7','-8','-9','0','0','0','0','0','0','0','0','-','-','-','-','-','-','-','-','-','-','-','-','-','0','0','0','0','0','0','0','0','0',,,
'paladin','xp table','24','5550000','9+45',,'8','4','4','4','4','0','0','0','0','0','2','2','2','2','3','11','10','9','8','7','6','5','4','3','2','1','0','-1','-2','-3','-4','-5','-6','-7','-8','-9','0','0','0','0','0','0','0','0','-','-','-','-','-','-','-','-','-','-','-','-','-','0','0','0','0','0','0','0','0','0',,,
'paladin','xp table','each','350000','+3 hp',,'8','4','4','4','4','0','0','0','0','0','2','2','2','2','3','11','10','9','8','7','6','5','4','3','2','1','0','-1','-2','-3','-4','-5','-6','-7','-8','-9','0','0','0','0','0','0','0','0','-','-','-','-','-','-','-','-','-','-','-','-','-','0','0','0','0','0','0','0','0','0',,,
'paladin','ability',,,,,,,,,,,,,,,,,,,,,,,,,,,,,,,,,,,,,,,,,,,,,,,,,,,,,,,,,,,,,,,,,,,,,,,'Cure Disease','1','Paladins can cure disease (as the clerical spell) by touch, once per week.'
'paladin','ability',,,,,,,,,,,,,,,,,,,,,,,,,,,,,,,,,,,,,,,,,,,,,,,,,,,,,,,,,,,,,,,,,,,,,,,'Detect Evil','1','A paladin may detect evil at any range up to 60 ft at will, provided he or she concentrates on doing so.'
'paladin','ability',,,,,,,,,,,,,,,,,,,,,,,,,,,,,,,,,,,,,,,,,,,,,,,,,,,,,,,,,,,,,,,,,,,,,,,'Protection from Evil','1','A paladin radiates an aura within a 10 ft radius, equivalent to the clerical spell protection from evil.'
'paladin','ability',,,,,,,,,,,,,,,,,,,,,,,,,,,,,,,,,,,,,,,,,,,,,,,,,,,,,,,,,,,,,,,,,,,,,,,'Lay on Hands','1','Once per day, the paladin may heal 2 hit points/ level to any creature touched (e.g. a third level paladin would heal 6hp with this ability)'
'paladin','ability',,,,,,,,,,,,,,,,,,,,,,,,,,,,,,,,,,,,,,,,,,,,,,,,,,,,,,,,,,,,,,,,,,,,,,,'Turn Undead','3','Paladins of third level and higher gain the ability to turn undead as a good aligned cleric does, but as a cleric of two levels lower than the paladin’s level.'
'paladin','ability',,,,,,,,,,,,,,,,,,,,,,,,,,,,,,,,,,,,,,,,,,,,,,,,,,,,,,,,,,,,,,,,,,,,,,,'Summon Warhorse','4','At fourth level, the paladin may summon a special Paladin’s Warhorse, a heavy warhorse with enhanced hit points, intelligence and movement speed. Such a destrier may be called only once every ten years.'
'paladin','ability',,,,,,,,,,,,,,,,,,,,,,,,,,,,,,,,,,,,,,,,,,,,,,,,,,,,,,,,,,,,,,,,,,,,,,,'Cure Disease 2x','5','Paladins of 5th level or higher can Cure Disease twice per week.'
'paladin','ability',,,,,,,,,,,,,,,,,,,,,,,,,,,,,,,,,,,,,,,,,,,,,,,,,,,,,,,,,,,,,,,,,,,,,,,'Bonus Attack','8','Paladins gain additional attacks as fighters do, but less swiftly. At 8th level a paladin gains an extra attack every other turn.'
'paladin','ability',,,,,,,,,,,,,,,,,,,,,,,,,,,,,,,,,,,,,,,,,,,,,,,,,,,,,,,,,,,,,,,,,,,,,,,'Clerical Spellcasting','9','Paladins gain the ability to cast certain cleric spells at 9th level.'
'paladin','ability',,,,,,,,,,,,,,,,,,,,,,,,,,,,,,,,,,,,,,,,,,,,,,,,,,,,,,,,,,,,,,,,,,,,,,,'Cure Disease 3x','10','Paladins of 10th level or higher can Cure Disease thrice per week.'
'paladin','ability',,,,,,,,,,,,,,,,,,,,,,,,,,,,,,,,,,,,,,,,,,,,,,,,,,,,,,,,,,,,,,,,,,,,,,,'Bonus Attack','15',' At 15th level a paladin has two attacks per turn.'
'ranger','xp table','1','0','2',,'0','0','0','0','0','0','0','0','0','0','16','17','14','15','17','25','24','23','22','21','20','20','20','20','20','20','19','18','17','16','15','14','13','12','11','10','0','0','0','0','0','0','0','0','-','-','-','-','-','-','-','-','-','-','-','-','-','0','0','0','0','0','0','0','0','0',,,
'ranger','xp table','2','2250','3',,'0','0','0','0','0','0','0','0','0','0','16','17','14','15','17','24','23','22','21','20','20','20','20','20','20','19','18','17','16','15','14','13','12','11','10','9','0','0','0','0','0','0','0','0','-','-','-','-','-','-','-','-','-','-','-','-','-','0','0','0','0','0','0','0','0','0',,,
'ranger','xp table','3','4500','4',,'0','0','0','0','0','0','0','0','0','0','15','16','13','14','16','23','22','21','20','20','20','20','20','20','19','18','17','16','15','14','13','12','11','10','9','8','0','0','0','0','0','0','0','0','-','-','-','-','-','-','-','-','-','-','-','-','-','0','0','0','0','0','0','0','0','0',,,
'ranger','xp table','4','9500','5',,'0','0','0','0','0','0','0','0','0','0','15','16','13','14','16','22','21','20','20','20','20','20','20','19','18','17','16','15','14','13','12','11','10','9','8','7','0','0','0','0','0','0','0','0','-','-','-','-','-','-','-','-','-','-','-','-','-','0','0','0','0','0','0','0','0','0',,,
'ranger','xp table','5','20000','6',,'0','0','0','0','0','0','0','0','0','0','13','13','11','12','14','21','20','20','20','20','20','20','19','18','17','16','15','14','13','12','11','10','9','8','7','6','0','0','0','0','0','0','0','0','-','-','-','-','-','-','-','-','-','-','-','-','-','0','0','0','0','0','0','0','0','0',,,
'ranger','xp table','6','40000','7',,'0','0','0','0','0','0','0','0','0','0','13','13','11','12','14','20','20','20','20','20','20','19','18','17','16','15','14','13','12','11','10','9','8','7','6','5','0','0','0','0','0','0','0','0','-','-','-','-','-','-','-','-','-','-','-','-','-','0','0','0','0','0','0','0','0','0',,,
'ranger','xp table','7','90000','8','May employ followers','0','0','0','0','0','0','0','0','0','0','12','12','10','11','13','20','20','20','20','20','19','18','17','16','15','14','13','12','11','10','9','8','7','6','5','4','0','0','0','0','0','0','0','0','-','-','-','-','-','-','-','-','-','-','-','-','-','0','0','0','0','0','0','0','0','0',,,
'ranger','xp table','8','150000','9','Bonus attacks','1','1','0','0','0','0','0','0','0','0','12','12','10','11','13','20','20','20','20','19','18','17','16','15','14','13','12','11','10','9','8','7','6','5','4','3','0','0','0','0','0','0','0','0','-','-','-','-','-','-','-','-','-','-','-','-','-','0','0','0','0','0','0','0','0','0',,,
'ranger','xp table','9','225000','10',,'1','1','0','0','0','0','0','0','0','0','10','9','8','9','11','20','20','20','19','18','17','16','15','14','13','12','11','10','9','8','7','6','5','4','3','2','0','0','0','0','0','0','0','0','-','-','-','-','-','-','-','-','-','-','-','-','-','1','0','0','0','0','0','0','0','0',,,
'ranger','xp table','10','325000','11','Ranger Lord (Lady)','2','2','0','0','0','0','0','0','0','0','10','9','8','9','11','20','20','19','18','17','16','15','14','13','12','11','10','9','8','7','6','5','4','3','2','1','0','0','0','0','0','0','0','0','-','-','-','-','-','-','-','-','-','-','-','-','-','1','0','0','0','0','0','0','0','0',,,
'ranger','xp table','11','650000','11+2',,'2','2','0','0','0','0','0','0','0','0','9','8','7','8','10','20','19','18','17','16','15','14','13','12','11','10','9','8','7','6','5','4','3','2','1','0','0','0','0','0','0','0','0','0','-','-','-','-','-','-','-','-','-','-','-','-','-','2','0','0','0','0','0','0','0','0',,,
'ranger','xp table','12','975000','11+4',,'3','2','1','0','0','0','0','0','0','0','9','8','7','8','10','19','18','17','16','15','14','13','12','11','10','9','8','7','6','5','4','3','2','1','0','-1','0','0','0','0','0','0','0','0','-','-','-','-','-','-','-','-','-','-','-','-','-','2','0','0','0','0','0','0','0','0',,,
'ranger','xp table','13','1300000','11+6',,'3','2','1','0','0','0','0','0','0','0','7','5','5','6','8','18','17','16','15','14','13','12','11','10','9','8','7','6','5','4','3','2','1','0','-1','-2','0','0','0','0','0','0','0','0','-','-','-','-','-','-','-','-','-','-','-','-','-','2','1','0','0','0','0','0','0','0',,,
'ranger','xp table','14','1625000','11+8',,'4','2','2','0','0','0','0','0','0','0','7','5','5','6','8','17','16','15','14','13','12','11','10','9','8','7','6','5','4','3','2','1','0','-1','-2','-3','0','0','0','0','0','0','0','0','-','-','-','-','-','-','-','-','-','-','-','-','-','2','1','0','0','0','0','0','0','0',,,
'ranger','xp table','15','1950000','11+10','Bonus attacks','4','2','2','0','0','0','0','0','0','0','6','4','4','5','7','16','15','14','13','12','11','10','9','8','7','6','5','4','3','2','1','0','-1','-2','-3','-4','0','0','0','0','0','0','0','0','-','-','-','-','-','-','-','-','-','-','-','-','-','2','2','0','0','0','0','0','0','0',,,
'ranger','xp table','16','2275000','11+12',,'5','2','2','1','0','0','0','0','0','0','6','4','4','5','7','15','14','13','12','11','10','9','8','7','6','5','4','3','2','1','0','-1','-2','-3','-4','-5','0','0','0','0','0','0','0','0','-','-','-','-','-','-','-','-','-','-','-','-','-','2','2','0','0','0','0','0','0','0',,,
'ranger','xp table','17','2600000','11+14',,'5','2','2','2','0','0','0','0','0','0','5','4','3','4','6','14','13','12','11','10','9','8','7','6','5','4','3','2','1','0','-1','-2','-3','-4','-5','-6','0','0','0','0','0','0','0','0','-','-','-','-','-','-','-','-','-','-','-','-','-','2','2','0','0','0','0','0','0','0',,,
'ranger','xp table','18','2925000','11+16',,'6','3','2','2','0','0','0','0','0','0','5','4','3','4','6','13','12','11','10','9','8','7','6','5','4','3','2','1','0','-1','-2','-3','-4','-5','-6','-7','0','0','0','0','0','0','0','0','-','-','-','-','-','-','-','-','-','-','-','-','-','2','2','0','0','0','0','0','0','0',,,
'ranger','xp table','19','3250000','11+18',,'6','3','2','2','0','0','0','0','0','0','4','3','2','3','5','12','11','10','9','8','7','6','5','4','3','2','1','0','-1','-2','-3','-4','-5','-6','-7','-8','0','0','0','0','0','0','0','0','-','-','-','-','-','-','-','-','-','-','-','-','-','3','2','0','0','0','0','0','0','0',,,
'ranger','xp table','20','3575000','11+20',,'6','3','3','2','0','0','0','0','0','0','4','3','2','3','5','11','10','9','8','7','6','5','4','3','2','1','0','-1','-2','-3','-4','-5','-6','-7','-8','-9','0','0','0','0','0','0','0','0','-','-','-','-','-','-','-','-','-','-','-','-','-','3','2','0','0','0','0','0','0','0',,,
'ranger','xp table','21','3900000','11+22',,'6','3','3','2','0','0','0','0','0','0','4','3','2','3','5','11','10','9','8','7','6','5','4','3','2','1','0','-1','-2','-3','-4','-5','-6','-7','-8','-9','0','0','0','0','0','0','0','0','-','-','-','-','-','-','-','-','-','-','-','-','-','3','3','0','0','0','0','0','0','0',,,
'ranger','xp table','22','4225000','11+24',,'6','3','3','3','0','0','0','0','0','0','4','3','2','3','5','11','10','9','8','7','6','5','4','3','2','1','0','-1','-2','-3','-4','-5','-6','-7','-8','-9','0','0','0','0','0','0','0','0','-','-','-','-','-','-','-','-','-','-','-','-','-','3','3','0','0','0','0','0','0','0',,,
'ranger','xp table','23','4550000','11+26',,'6','4','3','3','0','0','0','0','0','0','4','3','2','3','5','11','10','9','8','7','6','5','4','3','2','1','0','-1','-2','-3','-4','-5','-6','-7','-8','-9','0','0','0','0','0','0','0','0','-','-','-','-','-','-','-','-','-','-','-','-','-','3','3','0','0','0','0','0','0','0',,,
'ranger','xp table','24','4875000','11+28',,'6','4','3','3','0','0','0','0','0','0','4','3','2','3','5','11','10','9','8','7','6','5','4','3','2','1','0','-1','-2','-3','-4','-5','-6','-7','-8','-9','0','0','0','0','0','0','0','0','-','-','-','-','-','-','-','-','-','-','-','-','-','4','3','0','0','0','0','0','0','0',,,
'ranger','xp table','each','325000','+2 hp',,'6','4','3','3','0','0','0','0','0','0','4','3','2','3','5','11','10','9','8','7','6','5','4','3','2','1','0','-1','-2','-3','-4','-5','-6','-7','-8','-9','0','0','0','0','0','0','0','0','-','-','-','-','-','-','-','-','-','-','-','-','-','4','3','0','0','0','0','0','0','0',,,
'ranger','ability',,,,,,,,,,,,,,,,,,,,,,,,,,,,,,,,,,,,,,,,,,,,,,,,,,,,,,,,,,,,,,,,,,,,,,,'Alert Against Surprise','1','Rangers are less likely to be surprised (only on a 1 on 1d6), and more likely to surprise others (1-3 on 1d6) than other character classes.'
'ranger','ability',,,,,,,,,,,,,,,,,,,,,,,,,,,,,,,,,,,,,,,,,,,,,,,,,,,,,,,,,,,,,,,,,,,,,,,'Damage Bonus vs Humanoids','1','Rangers receive a bonus of +1 damage per ranger level against evil humanoid or giantish opponents (including such creatures as orcs, goblins, and giants, for example). This damage bonus applies only in hand-to-hand “melee” combat.'
'ranger','ability',,,,,,,,,,,,,,,,,,,,,,,,,,,,,,,,,,,,,,,,,,,,,,,,,,,,,,,,,,,,,,,,,,,,,,,'Tracking','1','Rangers may track other creatures, with a base 90% chance of success in rural settings and a base 65% chance in urban or dungeon settings.'
'ranger','ability',,,,,,,,,,,,,,,,,,,,,,,,,,,,,,,,,,,,,,,,,,,,,,,,,,,,,,,,,,,,,,,,,,,,,,,'Bonus Attack','8','Rangers gain additional attacks as fighters do, but less swiftly. At 8th level a ranger gains an extra attack every other turn.'
'ranger','ability',,,,,,,,,,,,,,,,,,,,,,,,,,,,,,,,,,,,,,,,,,,,,,,,,,,,,,,,,,,,,,,,,,,,,,,'Spell Casting','8','At eighth level, rangers receive limited spell powers, drawn from the Druid and Magic user spell lists.'
'ranger','ability',,,,,,,,,,,,,,,,,,,,,,,,,,,,,,,,,,,,,,,,,,,,,,,,,,,,,,,,,,,,,,,,,,,,,,,'Band of Followers','10','Rangers of 10th level or higher receive a special body of followers.'
'ranger','ability',,,,,,,,,,,,,,,,,,,,,,,,,,,,,,,,,,,,,,,,,,,,,,,,,,,,,,,,,,,,,,,,,,,,,,,'Scrying Device Use','10','Rangers of 10th level or higher may use crystal balls and other such devices that permit magical scrying.'
'ranger','ability',,,,,,,,,,,,,,,,,,,,,,,,,,,,,,,,,,,,,,,,,,,,,,,,,,,,,,,,,,,,,,,,,,,,,,,'Bonus Attack','15',' At 15th level a ranger has two attacks per turn.'
'thief','xp table','1','0','1',,'0','0','0','0','0','0','0','0','0','0','14','16','13','12','15','26','25','24','23','22','21','20','20','20','20','20','20','19','18','17','16','15','14','13','12','11','80','25','10','20','20','30','35','1','-','-','-','-','-','-','-','-','-','-','-','-','-',,,,,,,,,,,,
'thief','xp table','2','1250','2',,'0','0','0','0','0','0','0','0','0','0','14','16','13','12','15','26','25','24','23','22','21','20','20','20','20','20','20','19','18','17','16','15','14','13','12','11','82','29','13','25','25','34','39','5','-','-','-','-','-','-','-','-','-','-','-','-','-',,,,,,,,,,,,
'thief','xp table','3','2500','3',,'0','0','0','0','0','0','0','0','0','0','14','16','13','12','15','26','25','24','23','22','21','20','20','20','20','20','20','19','18','17','16','15','14','13','12','11','84','33','16','30','30','38','43','10','-','-','-','-','-','-','-','-','-','-','-','-','-',,,,,,,,,,,,
'thief','xp table','4','5000','4',,'0','0','0','0','0','0','0','0','0','0','14','16','13','12','15','26','25','24','23','22','21','20','20','20','20','20','20','19','18','17','16','15','14','13','12','11','86','37','19','35','35','42','47','15','-','-','-','-','-','-','-','-','-','-','-','-','-',,,,,,,,,,,,
'thief','xp table','5','10000','5',,'0','0','0','0','0','0','0','0','0','0','12','15','12','11','13','24','23','22','21','20','20','20','20','20','20','19','18','17','16','15','14','13','12','11','10','9','88','41','22','40','40','46','51','20','-','-','-','-','-','-','-','-','-','-','-','-','-',,,,,,,,,,,,
'thief','xp table','6','20000','6',,'0','0','0','0','0','0','0','0','0','0','12','15','12','11','13','24','23','22','21','20','20','20','20','20','20','19','18','17','16','15','14','13','12','11','10','9','90','45','25','45','45','50','55','25','-','-','-','-','-','-','-','-','-','-','-','-','-',,,,,,,,,,,,
'thief','xp table','7','40000','7',,'0','0','0','0','0','0','0','0','0','0','12','15','12','11','13','24','23','22','21','20','20','20','20','20','20','19','18','17','16','15','14','13','12','11','10','9','91','49','28','50','50','54','59','30','-','-','-','-','-','-','-','-','-','-','-','-','-',,,,,,,,,,,,
'thief','xp table','8','70000','8',,'0','0','0','0','0','0','0','0','0','0','12','15','12','11','13','24','23','22','21','20','20','20','20','20','20','19','18','17','16','15','14','13','12','11','10','9','92','53','31','55','55','58','63','35','-','-','-','-','-','-','-','-','-','-','-','-','-',,,,,,,,,,,,
'thief','xp table','9','110000','9',,'0','0','0','0','0','0','0','0','0','0','10','14','11','10','11','21','20','20','20','20','20','20','19','18','17','16','15','14','13','12','11','10','9','8','7','6','93','57','34','60','60','62','67','40','-','-','-','-','-','-','-','-','-','-','-','-','-',,,,,,,,,,,,
'thief','xp table','10','160000','10','Master Thief; may read scrolls','0','0','0','0','0','0','0','0','0','0','10','14','11','10','11','21','20','20','20','20','20','20','19','18','17','16','15','14','13','12','11','10','9','8','7','6','94','61','37','65','65','66','71','45','-','-','-','-','-','-','-','-','-','-','-','-','-',,,,,,,,,,,,
'thief','xp table','11','220000','10+2',,'0','0','0','0','0','0','0','0','0','0','10','14','11','10','11','21','20','20','20','20','20','20','19','18','17','16','15','14','13','12','11','10','9','8','7','6','95','65','40','70','70','70','75','50','-','-','-','-','-','-','-','-','-','-','-','-','-',,,,,,,,,,,,
'thief','xp table','12','440000','10+4',,'0','0','0','0','0','0','0','0','0','0','10','14','11','10','11','21','20','20','20','20','20','20','19','18','17','16','15','14','13','12','11','10','9','8','7','6','96','69','43','75','75','74','79','55','-','-','-','-','-','-','-','-','-','-','-','-','-',,,,,,,,,,,,
'thief','xp table','13','660000','10+6',,'0','0','0','0','0','0','0','0','0','0','8','13','10','9','9','20','20','20','20','20','19','18','17','16','15','14','13','12','11','10','9','8','7','6','5','4','97','73','46','80','80','78','83','60','-','-','-','-','-','-','-','-','-','-','-','-','-',,,,,,,,,,,,
'thief','xp table','14','880000','10+8',,'0','0','0','0','0','0','0','0','0','0','8','13','10','9','9','20','20','20','20','20','19','18','17','16','15','14','13','12','11','10','9','8','7','6','5','4','98','77','49','85','85','82','87','65','-','-','-','-','-','-','-','-','-','-','-','-','-',,,,,,,,,,,,
'thief','xp table','15','1100000','10+10',,'0','0','0','0','0','0','0','0','0','0','8','13','10','9','9','20','20','20','20','20','19','18','17','16','15','14','13','12','11','10','9','8','7','6','5','4','99','81','52','90','90','86','90','70','-','-','-','-','-','-','-','-','-','-','-','-','-',,,,,,,,,,,,
'thief','xp table','16','1320000','10+12',,'0','0','0','0','0','0','0','0','0','0','8','13','10','9','9','20','20','20','20','20','19','18','17','16','15','14','13','12','11','10','9','8','7','6','5','4','99','85','55','91','91','90','91','75','-','-','-','-','-','-','-','-','-','-','-','-','-',,,,,,,,,,,,
'thief','xp table','17','1540000','10+14',,'0','0','0','0','0','0','0','0','0','0','6','12','9','8','7','20','20','20','19','18','17','16','15','14','13','12','11','10','9','8','7','6','5','4','3','2','99','89','58','92','92','92','92','80','-','-','-','-','-','-','-','-','-','-','-','-','-',,,,,,,,,,,,
'thief','xp table','18','1760000','10+16',,'0','0','0','0','0','0','0','0','0','0','6','12','9','8','7','20','20','20','19','18','17','16','15','14','13','12','11','10','9','8','7','6','5','4','3','2','99','91','61','93','93','93','93','85','-','-','-','-','-','-','-','-','-','-','-','-','-',,,,,,,,,,,,
'thief','xp table','19','1980000','10+18',,'0','0','0','0','0','0','0','0','0','0','6','12','9','8','7','20','20','20','19','18','17','16','15','14','13','12','11','10','9','8','7','6','5','4','3','2','99','93','64','94','94','94','94','90','-','-','-','-','-','-','-','-','-','-','-','-','-',,,,,,,,,,,,
'thief','xp table','20','2200000','10+20',,'0','0','0','0','0','0','0','0','0','0','6','12','9','8','7','20','20','20','19','18','17','16','15','14','13','12','11','10','9','8','7','6','5','4','3','2','99','95','67','95','95','95','95','92','-','-','-','-','-','-','-','-','-','-','-','-','-',,,,,,,,,,,,
'thief','xp table','21','2420000','10+22',,'0','0','0','0','0','0','0','0','0','0','4','11','8','7','5','20','19','18','17','16','15','14','13','12','11','10','9','8','7','6','5','4','3','2','1','0','99','97','70','96','96','96','96','94','-','-','-','-','-','-','-','-','-','-','-','-','-',,,,,,,,,,,,
'thief','xp table','22','2640000','10+24',,'0','0','0','0','0','0','0','0','0','0','4','11','8','7','5','20','19','18','17','16','15','14','13','12','11','10','9','8','7','6','5','4','3','2','1','0','99','99','73','97','97','97','97','96','-','-','-','-','-','-','-','-','-','-','-','-','-',,,,,,,,,,,,
'thief','xp table','23','2860000','10+26',,'0','0','0','0','0','0','0','0','0','0','4','11','8','7','5','20','19','18','17','16','15','14','13','12','11','10','9','8','7','6','5','4','3','2','1','0','99','99','76','98','98','98','98','98','-','-','-','-','-','-','-','-','-','-','-','-','-',,,,,,,,,,,,
'thief','xp table','24','3080000','10+28',,'0','0','0','0','0','0','0','0','0','0','4','11','8','7','5','20','19','18','17','16','15','14','13','12','11','10','9','8','7','6','5','4','3','2','1','0','99','99','79','99','99','99','99','99','-','-','-','-','-','-','-','-','-','-','-','-','-',,,,,,,,,,,,
'thief','xp table','each','220000','+2 hp',,'0','0','0','0','0','0','0','0','0','0','4','11','8','7','5','20','19','18','17','16','15','14','13','12','11','10','9','8','7','6','5','4','3','2','1','0','99','99','79','99','99','99','99','99','-','-','-','-','-','-','-','-','-','-','-','-','-',,,,,,,,,,,,
'thief','ability',,,,,,,,,,,,,,,,,,,,,,,,,,,,,,,,,,,,,,,,,,,,,,,,,,,,,,,,,,,,,,,,,,,,,,,'Backstab','1','If the thief can approach his or her target unobserved and strike with a melee weapon, the attack is made at +4 to hit. Damage from a backstab is doubled—or trebled if the thief is of 5th level or higher. Thieves of 9th level or higher do quadruple damage, while those of 13th or greater level quintuple the number shown on the die. Damage modifiers (such as those pertaining to strength or magic) are not multiplied from a backstab.'
'thief','ability',,,,,,,,,,,,,,,,,,,,,,,,,,,,,,,,,,,,,,,,,,,,,,,,,,,,,,,,,,,,,,,,,,,,,,,'Climb','1','Climbing represents a thief’s ability to scale sheer walls and surfaces, cling to ceilings, and perform other feats of climbing that would normally be impossible. Climbing checks must ordinarily be repeated for every ten ft of climbing.'
'thief','ability',,,,,,,,,,,,,,,,,,,,,,,,,,,,,,,,,,,,,,,,,,,,,,,,,,,,,,,,,,,,,,,,,,,,,,,'Find Traps','1','This ability represents the thief’s minute visual inspection of a new area for tiny telltale signs that something of interest or danger may be concealed nearby. It requires a full turn (10 minutes) to accomplish.'
'thief','ability',,,,,,,,,,,,,,,,,,,,,,,,,,,,,,,,,,,,,,,,,,,,,,,,,,,,,,,,,,,,,,,,,,,,,,,'Hide in Shadows','1','Some shadow must be present for this ability to be used, but if the check is successful the thief is effectively invisible until he makes an attack or moves from the shadows. The ability can also be used to blend in with a crowd of people rather than disappear into shadows.'
'thief','ability',,,,,,,,,,,,,,,,,,,,,,,,,,,,,,,,,,,,,,,,,,,,,,,,,,,,,,,,,,,,,,,,,,,,,,,'Move Quietly','1','Use of this skill allows the thief to move with preternatural silence even over surfaces such as squeaky floors.'
'thief','ability',,,,,,,,,,,,,,,,,,,,,,,,,,,,,,,,,,,,,,,,,,,,,,,,,,,,,,,,,,,,,,,,,,,,,,,'Open Locks/ Disarm Traps','1','Opening locks and disarming traps (without springing them) is a skill unique to thieves, which cannot be successfully attempted by members of other classes. A thief can also set traps (with the same chance as to disarm).'
'thief','ability',,,,,,,,,,,,,,,,,,,,,,,,,,,,,,,,,,,,,,,,,,,,,,,,,,,,,,,,,,,,,,,,,,,,,,,'Pick Pockets','1','If the thief’s pick pockets check fails by 20% or more, then his or her attempt has been discovered and the intended victim will almost always take hostile action.'
'thief','ability',,,,,,,,,,,,,,,,,,,,,,,,,,,,,,,,,,,,,,,,,,,,,,,,,,,,,,,,,,,,,,,,,,,,,,,'Read Languages','1','The thief may attempt to read languages and ciphers of a non-magical nature only.'
'thief','ability',,,,,,,,,,,,,,,,,,,,,,,,,,,,,,,,,,,,,,,,,,,,,,,,,,,,,,,,,,,,,,,,,,,,,,,'Thieves’ Cant','1','Thieves have their own language.'
'thief','ability',,,,,,,,,,,,,,,,,,,,,,,,,,,,,,,,,,,,,,,,,,,,,,,,,,,,,,,,,,,,,,,,,,,,,,,'Thief Abilities','1','Thief abilities are the core of the thief class.'
'thief','ability',,,,,,,,,,,,,,,,,,,,,,,,,,,,,,,,,,,,,,,,,,,,,,,,,,,,,,,,,,,,,,,,,,,,,,,'Read Scrolls','10','When a thief reaches 10th level, he or she has become well-versed enough in training to cast spells from an arcane or phantasmal scroll (magic user or illusionist).'
